<?xml version="1.0" encoding ="utf-8"?>
<swc xmlns="http://www.adobe.com/flash/swccatalog/9">
  <versions>
    <swc version="1.2" />
    <flex version="4.6.0" build="23043" minimumSupportedVersion="3.0.0" />
  </versions>
  <features>
    <feature-script-deps />
    <feature-files />
  </features>
  <libraries>
    <library path="library.swf">
      <script name="com/as3nui/nativeExtensions/air/kinect/data/DeviceCapabilities" mod="1342720047000" signatureChecksum="1696746642" >
        <def id="com.as3nui.nativeExtensions.air.kinect.data:DeviceCapabilities" /> 
        <dep id="com.as3nui.nativeExtensions.air.kinect.constants:Framework" type="e" /> 
        <dep id="AS3" type="n" /> 
        <dep id="Object" type="i" /> 
      </script>
      <script name="com/as3nui/nativeExtensions/air/kinect/events/UserEvent" mod="1334844933000" signatureChecksum="1124187469" >
        <def id="com.as3nui.nativeExtensions.air.kinect.events:UserEvent" /> 
        <dep id="com.as3nui.nativeExtensions.air.kinect.data:User" type="s" /> 
        <dep id="__AS3__.vec:Vector" type="s" /> 
        <dep id="AS3" type="n" /> 
        <dep id="flash.events:Event" type="i" /> 
      </script>
      <script name="com/as3nui/nativeExtensions/air/kinect/data/Position" mod="1342720198000" signatureChecksum="3583670728" >
        <def id="com.as3nui.nativeExtensions.air.kinect.data:Position" /> 
        <dep id="flash.geom:Vector3D" type="e" /> 
        <dep id="flash.geom:Point" type="e" /> 
        <dep id="flash.geom:Vector3D" type="s" /> 
        <dep id="flash.geom:Point" type="s" /> 
        <dep id="AS3" type="n" /> 
        <dep id="Object" type="i" /> 
      </script>
      <script name="com/as3nui/nativeExtensions/air/kinect/constants/DeviceState" mod="1334844933000" signatureChecksum="4128654009" >
        <def id="com.as3nui.nativeExtensions.air.kinect.constants:DeviceState" /> 
        <dep id="AS3" type="n" /> 
        <dep id="Object" type="i" /> 
      </script>
      <script name="com/as3nui/nativeExtensions/air/kinect/constants/Framework" mod="1334844933000" signatureChecksum="3137814511" >
        <def id="com.as3nui.nativeExtensions.air.kinect.constants:Framework" /> 
        <dep id="AS3" type="n" /> 
        <dep id="Object" type="i" /> 
      </script>
      <script name="com/as3nui/nativeExtensions/air/kinect/bridge/IContextBridge" mod="1342096086000" signatureChecksum="3308893874" >
        <def id="com.as3nui.nativeExtensions.air.kinect.bridge:IContextBridge" /> 
        <dep id="flash.utils:ByteArray" type="s" /> 
        <dep id="__AS3__.vec:Vector" type="s" /> 
        <dep id="com.as3nui.nativeExtensions.air.kinect.data:PointCloudRegion" type="s" /> 
        <dep id="com.as3nui.nativeExtensions.air.kinect.data:DeviceCapabilities" type="s" /> 
        <dep id="com.as3nui.nativeExtensions.air.kinect.data:UserFrame" type="s" /> 
        <dep id="AS3" type="n" /> 
        <dep id="flash.events:IEventDispatcher" type="i" /> 
        <dep id="Object" type="i" /> 
      </script>
      <script name="com/as3nui/nativeExtensions/air/kinect/bridge/ExtensionContextBridge" mod="1342550145000" signatureChecksum="1878674906" >
        <def id="com.as3nui.nativeExtensions.air.kinect.bridge:ExtensionContextBridge" /> 
        <dep id="flash.utils:Endian" type="e" /> 
        <dep id="flash.events:StatusEvent" type="e" /> 
        <dep id="com.as3nui.nativeExtensions.air.kinect.data:DeviceCapabilities" type="e" /> 
        <dep id="flash.external:ExtensionContext" type="e" /> 
        <dep id="com.as3nui.nativeExtensions.air.kinect.data:UserFrame" type="e" /> 
        <dep id="flash.events:Event" type="s" /> 
        <dep id="flash.utils:ByteArray" type="s" /> 
        <dep id="__AS3__.vec:Vector" type="s" /> 
        <dep id="com.as3nui.nativeExtensions.air.kinect.data:PointCloudRegion" type="s" /> 
        <dep id="com.as3nui.nativeExtensions.air.kinect.data:DeviceCapabilities" type="s" /> 
        <dep id="flash.external:ExtensionContext" type="s" /> 
        <dep id="com.as3nui.nativeExtensions.air.kinect.data:UserFrame" type="s" /> 
        <dep id="AS3" type="n" /> 
        <dep id="flash.events:EventDispatcher" type="i" /> 
        <dep id="com.as3nui.nativeExtensions.air.kinect.bridge:IContextBridge" type="i" /> 
      </script>
      <script name="com/as3nui/nativeExtensions/air/kinect/data/UserFrame" mod="1342720218000" signatureChecksum="3964878999" >
        <def id="com.as3nui.nativeExtensions.air.kinect.data:UserFrame" /> 
        <dep id="com.as3nui.nativeExtensions.air.kinect.data:User" type="s" /> 
        <dep id="__AS3__.vec:Vector" type="s" /> 
        <dep id="AS3" type="n" /> 
        <dep id="Object" type="i" /> 
      </script>
      <script name="com/as3nui/nativeExtensions/air/kinect/frameworks/openni/data/OpenNIUserFrame" mod="1342720254000" signatureChecksum="1602898287" >
        <def id="com.as3nui.nativeExtensions.air.kinect.frameworks.openni.data:OpenNIUserFrame" /> 
        <dep id="AS3" type="n" /> 
        <dep id="com.as3nui.nativeExtensions.air.kinect.data:UserFrame" type="i" /> 
      </script>
      <script name="com/as3nui/nativeExtensions/air/kinect/KinectSettings" mod="1342096086000" signatureChecksum="933344891" >
        <def id="com.as3nui.nativeExtensions.air.kinect:KinectSettings" /> 
        <dep id="flash.utils:describeType" type="e" /> 
        <dep id="com.as3nui.nativeExtensions.air.kinect.constants:CameraResolution" type="e" /> 
        <dep id="XML" type="s" /> 
        <dep id="XMLList" type="s" /> 
        <dep id="flash.geom:Point" type="s" /> 
        <dep id="AS3" type="n" /> 
        <dep id="Object" type="i" /> 
      </script>
      <script name="com/as3nui/nativeExtensions/air/kinect/frameworks/openni/OpenNIKinectSettings" mod="1341818735000" signatureChecksum="4223004292" >
        <def id="com.as3nui.nativeExtensions.air.kinect.frameworks.openni:OpenNIKinectSettings" /> 
        <dep id="flash.utils:describeType" type="e" /> 
        <dep id="com.as3nui.nativeExtensions.air.kinect.constants:CameraResolution" type="e" /> 
        <dep id="XML" type="s" /> 
        <dep id="XMLList" type="s" /> 
        <dep id="flash.geom:Point" type="s" /> 
        <dep id="AS3" type="n" /> 
        <dep id="com.as3nui.nativeExtensions.air.kinect:KinectSettings" type="i" /> 
      </script>
      <script name="_b71d148c644f02fb0d95daabbf4cdd77c6a2af62bf78b55dc60f9975f08d0521_flash_display_Sprite" mod="1343298864551" signatureChecksum="3040050195" >
        <def id="_b71d148c644f02fb0d95daabbf4cdd77c6a2af62bf78b55dc60f9975f08d0521_flash_display_Sprite" /> 
        <dep id="flash.system:Security" type="e" /> 
        <dep id="AS3" type="n" /> 
        <dep id="flash.display:Sprite" type="i" /> 
      </script>
      <script name="com/as3nui/nativeExtensions/air/kinect/data/SkeletonBone" mod="1343298550000" signatureChecksum="2145903685" >
        <def id="com.as3nui.nativeExtensions.air.kinect.data:SkeletonBone" /> 
        <dep id="com.as3nui.nativeExtensions.air.kinect.data:Orientation" type="e" /> 
        <dep id="com.as3nui.nativeExtensions.air.kinect.data:Orientation" type="s" /> 
        <dep id="AS3" type="n" /> 
        <dep id="Object" type="i" /> 
      </script>
      <script name="com/as3nui/nativeExtensions/air/kinect/data/SkeletonJoint" mod="1342720127000" signatureChecksum="2990997601" >
        <def id="com.as3nui.nativeExtensions.air.kinect.data:SkeletonJoint" /> 
        <dep id="com.as3nui.nativeExtensions.air.kinect.data:Position" type="e" /> 
        <dep id="com.as3nui.nativeExtensions.air.kinect.data:Position" type="s" /> 
        <dep id="AS3" type="n" /> 
        <dep id="Object" type="i" /> 
      </script>
      <script name="com/as3nui/nativeExtensions/air/kinect/frameworks/openni/data/OpenNISkeletonJoint" mod="1343298503000" signatureChecksum="2893492219" >
        <def id="com.as3nui.nativeExtensions.air.kinect.frameworks.openni.data:OpenNISkeletonJoint" /> 
        <dep id="flash.geom:Matrix3D" type="e" /> 
        <dep id="flash.geom:Matrix3D" type="s" /> 
        <dep id="AS3" type="n" /> 
        <dep id="com.as3nui.nativeExtensions.air.kinect.data:SkeletonJoint" type="i" /> 
      </script>
      <script name="com/as3nui/nativeExtensions/air/kinect/frameworks/mssdk/data/MSUserFrame" mod="1342720241000" signatureChecksum="3522774518" >
        <def id="com.as3nui.nativeExtensions.air.kinect.frameworks.mssdk.data:MSUserFrame" /> 
        <dep id="AS3" type="n" /> 
        <dep id="com.as3nui.nativeExtensions.air.kinect.data:UserFrame" type="i" /> 
      </script>
      <script name="com/as3nui/nativeExtensions/air/kinect/namespaces/as3nui" mod="1334844933000" signatureChecksum="3042254959" >
        <def id="com.as3nui.nativeExtensions.air.kinect.namespaces:as3nui" /> 
        <dep id="AS3" type="n" /> 
      </script>
      <script name="com/as3nui/nativeExtensions/air/kinect/manager/KinectManager" mod="1341863828000" signatureChecksum="2097404798" >
        <def id="com.as3nui.nativeExtensions.air.kinect.manager:KinectManager" /> 
        <dep id="com.as3nui.nativeExtensions.air.kinect.frameworks.openni:OpenNIKinect" type="e" /> 
        <dep id="com.as3nui.nativeExtensions.air.kinect.events:DeviceEvent" type="e" /> 
        <dep id="flash.events:StatusEvent" type="e" /> 
        <dep id="flash.utils:getDefinitionByName" type="e" /> 
        <dep id="com.as3nui.nativeExtensions.air.kinect.constants:Framework" type="e" /> 
        <dep id="com.as3nui.nativeExtensions.air.kinect.bridge:ExtensionContextBridge" type="e" /> 
        <dep id="com.as3nui.nativeExtensions.air.kinect.frameworks.mssdk:MSKinect" type="e" /> 
        <dep id="flash.utils:Dictionary" type="e" /> 
        <dep id="com.as3nui.nativeExtensions.air.kinect.constants:OS" type="e" /> 
        <dep id="Error" type="e" /> 
        <dep id="com.as3nui.nativeExtensions.air.kinect:Kinect" type="s" /> 
        <dep id="flash.events:StatusEvent" type="s" /> 
        <dep id="com.as3nui.nativeExtensions.air.kinect.bridge:IContextBridge" type="s" /> 
        <dep id="flash.utils:Dictionary" type="s" /> 
        <dep id="Error" type="s" /> 
        <dep id="AS3" type="n" /> 
        <dep id="flash.events:EventDispatcher" type="i" /> 
        <dep id="Object" type="i" /> 
      </script>
      <script name="com/as3nui/nativeExtensions/air/kinect/data/User" mod="1342863051000" signatureChecksum="2979636765" >
        <def id="com.as3nui.nativeExtensions.air.kinect.data:User" /> 
        <dep id="com.as3nui.nativeExtensions.air.kinect.data:Position" type="e" /> 
        <dep id="com.as3nui.nativeExtensions.air.kinect.data:SkeletonJoint" type="e" /> 
        <dep id="com.as3nui.nativeExtensions.air.kinect.data:SkeletonBone" type="e" /> 
        <dep id="com.as3nui.nativeExtensions.air.kinect.data:Position" type="s" /> 
        <dep id="flash.display:BitmapData" type="s" /> 
        <dep id="com.as3nui.nativeExtensions.air.kinect.data:SkeletonJoint" type="s" /> 
        <dep id="__AS3__.vec:Vector" type="s" /> 
        <dep id="com.as3nui.nativeExtensions.air.kinect.data:SkeletonBone" type="s" /> 
        <dep id="flash.utils:Dictionary" type="s" /> 
        <dep id="AS3" type="n" /> 
        <dep id="Object" type="i" /> 
      </script>
      <script name="com/as3nui/nativeExtensions/air/kinect/Kinect" mod="1342719496000" signatureChecksum="3304057487" >
        <def id="com.as3nui.nativeExtensions.air.kinect:Kinect" /> 
        <dep id="flash.display:BitmapData" type="e" /> 
        <dep id="com.as3nui.nativeExtensions.air.kinect.events:DeviceErrorEvent" type="e" /> 
        <dep id="flash.utils:ByteArray" type="e" /> 
        <dep id="trace" type="e" /> 
        <dep id="com.as3nui.nativeExtensions.air.kinect.manager:KinectManager" type="e" /> 
        <dep id="com.as3nui.nativeExtensions.air.kinect.constants:DeviceState" type="e" /> 
        <dep id="com.as3nui.nativeExtensions.air.kinect.events:CameraImageEvent" type="e" /> 
        <dep id="com.as3nui.nativeExtensions.air.kinect.data:PointCloudRegion" type="e" /> 
        <dep id="flash.desktop:NativeApplication" type="e" /> 
        <dep id="com.as3nui.nativeExtensions.air.kinect.events:DeviceInfoEvent" type="e" /> 
        <dep id="Error" type="e" /> 
        <dep id="com.as3nui.nativeExtensions.air.kinect.data:User" type="e" /> 
        <dep id="com.as3nui.nativeExtensions.air.kinect.events:PointCloudEvent" type="e" /> 
        <dep id="__AS3__.vec:Vector" type="e" /> 
        <dep id="com.as3nui.nativeExtensions.air.kinect.events:DeviceEvent" type="e" /> 
        <dep id="flash.events:StatusEvent" type="e" /> 
        <dep id="com.as3nui.nativeExtensions.air.kinect.bridge:ExtensionContextBridge" type="e" /> 
        <dep id="com.as3nui.nativeExtensions.air.kinect.events:UserFrameEvent" type="e" /> 
        <dep id="flash.utils:Dictionary" type="e" /> 
        <dep id="com.as3nui.nativeExtensions.air.kinect.events:UserEvent" type="e" /> 
        <dep id="flash.events:Event" type="s" /> 
        <dep id="com.as3nui.nativeExtensions.air.kinect:KinectSettings" type="s" /> 
        <dep id="flash.utils:ByteArray" type="s" /> 
        <dep id="flash.display:BitmapData" type="s" /> 
        <dep id="com.as3nui.nativeExtensions.air.kinect.manager:KinectManager" type="s" /> 
        <dep id="com.as3nui.nativeExtensions.air.kinect.data:PointCloudRegion" type="s" /> 
        <dep id="com.as3nui.nativeExtensions.air.kinect.data:DeviceCapabilities" type="s" /> 
        <dep id="com.as3nui.nativeExtensions.air.kinect.bridge:IContextBridge" type="s" /> 
        <dep id="com.as3nui.nativeExtensions.air.kinect.data:User" type="s" /> 
        <dep id="__AS3__.vec:Vector" type="s" /> 
        <dep id="flash.events:StatusEvent" type="s" /> 
        <dep id="flash.utils:Dictionary" type="s" /> 
        <dep id="com.as3nui.nativeExtensions.air.kinect.data:UserFrame" type="s" /> 
        <dep id="com.as3nui.nativeExtensions.air.kinect.namespaces:as3nui" type="n" /> 
        <dep id="AS3" type="n" /> 
        <dep id="flash.events:EventDispatcher" type="i" /> 
      </script>
      <script name="com/as3nui/nativeExtensions/air/kinect/frameworks/mssdk/MSKinectSettings" mod="1341818735000" signatureChecksum="325876558" >
        <def id="com.as3nui.nativeExtensions.air.kinect.frameworks.mssdk:MSKinectSettings" /> 
        <dep id="flash.utils:describeType" type="e" /> 
        <dep id="XML" type="s" /> 
        <dep id="XMLList" type="s" /> 
        <dep id="AS3" type="n" /> 
        <dep id="com.as3nui.nativeExtensions.air.kinect:KinectSettings" type="i" /> 
      </script>
      <script name="com/as3nui/nativeExtensions/air/kinect/frameworks/openni/data/OpenNISkeletonBone" mod="1343298542000" signatureChecksum="4069313379" >
        <def id="com.as3nui.nativeExtensions.air.kinect.frameworks.openni.data:OpenNISkeletonBone" /> 
        <dep id="AS3" type="n" /> 
        <dep id="com.as3nui.nativeExtensions.air.kinect.data:SkeletonBone" type="i" /> 
      </script>
      <script name="com/as3nui/nativeExtensions/air/kinect/events/DeviceErrorEvent" mod="1334844933000" signatureChecksum="2256229725" >
        <def id="com.as3nui.nativeExtensions.air.kinect.events:DeviceErrorEvent" /> 
        <dep id="AS3" type="n" /> 
        <dep id="flash.events:Event" type="i" /> 
      </script>
      <script name="com/as3nui/nativeExtensions/air/kinect/frameworks/mssdk/data/MSSkeletonBone" mod="1343298864000" signatureChecksum="282210502" >
        <def id="com.as3nui.nativeExtensions.air.kinect.frameworks.mssdk.data:MSSkeletonBone" /> 
        <dep id="AS3" type="n" /> 
        <dep id="com.as3nui.nativeExtensions.air.kinect.data:SkeletonBone" type="i" /> 
      </script>
      <script name="com/as3nui/nativeExtensions/air/kinect/constants/CameraResolution" mod="1335118016000" signatureChecksum="3546767353" >
        <def id="com.as3nui.nativeExtensions.air.kinect.constants:CameraResolution" /> 
        <dep id="flash.geom:Point" type="e" /> 
        <dep id="flash.geom:Point" type="s" /> 
        <dep id="AS3" type="n" /> 
        <dep id="Object" type="i" /> 
      </script>
      <script name="com/as3nui/nativeExtensions/air/kinect/frameworks/openni/events/OpenNICameraImageEvent" mod="1334844933000" signatureChecksum="4248665327" >
        <def id="com.as3nui.nativeExtensions.air.kinect.frameworks.openni.events:OpenNICameraImageEvent" /> 
        <dep id="flash.display:BitmapData" type="s" /> 
        <dep id="AS3" type="n" /> 
        <dep id="flash.events:Event" type="i" /> 
      </script>
      <script name="com/as3nui/nativeExtensions/air/kinect/events/DeviceInfoEvent" mod="1334844933000" signatureChecksum="2029605891" >
        <def id="com.as3nui.nativeExtensions.air.kinect.events:DeviceInfoEvent" /> 
        <dep id="AS3" type="n" /> 
        <dep id="flash.events:Event" type="i" /> 
      </script>
      <script name="com/as3nui/nativeExtensions/air/kinect/events/DeviceEvent" mod="1341859426000" signatureChecksum="3082973969" >
        <def id="com.as3nui.nativeExtensions.air.kinect.events:DeviceEvent" /> 
        <dep id="AS3" type="n" /> 
        <dep id="flash.events:Event" type="i" /> 
      </script>
      <script name="com/as3nui/nativeExtensions/air/kinect/frameworks/mssdk/data/MSSkeletonJoint" mod="1343298734000" signatureChecksum="1397795931" >
        <def id="com.as3nui.nativeExtensions.air.kinect.frameworks.mssdk.data:MSSkeletonJoint" /> 
        <dep id="flash.geom:Matrix3D" type="e" /> 
        <dep id="com.as3nui.nativeExtensions.air.kinect.data:Quaternion" type="e" /> 
        <dep id="flash.geom:Matrix3D" type="s" /> 
        <dep id="com.as3nui.nativeExtensions.air.kinect.data:Quaternion" type="s" /> 
        <dep id="AS3" type="n" /> 
        <dep id="com.as3nui.nativeExtensions.air.kinect.data:SkeletonJoint" type="i" /> 
      </script>
      <script name="com/as3nui/nativeExtensions/air/kinect/data/Orientation" mod="1342863051000" signatureChecksum="1605653668" >
        <def id="com.as3nui.nativeExtensions.air.kinect.data:Orientation" /> 
        <dep id="flash.geom:Matrix3D" type="e" /> 
        <dep id="flash.geom:Matrix3D" type="s" /> 
        <dep id="AS3" type="n" /> 
        <dep id="Object" type="i" /> 
      </script>
      <script name="com/as3nui/nativeExtensions/air/kinect/data/Serialize" mod="1342863051000" signatureChecksum="32532869" >
        <def id="com.as3nui.nativeExtensions.air.kinect.data:Serialize" /> 
        <dep id="com.as3nui.nativeExtensions.air.kinect.frameworks.openni.data:OpenNIUser" type="e" /> 
        <dep id="com.as3nui.nativeExtensions.air.kinect.data:Orientation" type="e" /> 
        <dep id="com.as3nui.nativeExtensions.air.kinect.data:Position" type="e" /> 
        <dep id="com.as3nui.nativeExtensions.air.kinect.data:SkeletonJoint" type="e" /> 
        <dep id="trace" type="e" /> 
        <dep id="flash.geom:Vector3D" type="e" /> 
        <dep id="com.as3nui.nativeExtensions.air.kinect.data:PointCloudRegion" type="e" /> 
        <dep id="com.as3nui.nativeExtensions.air.kinect.data:DeviceCapabilities" type="e" /> 
        <dep id="com.as3nui.nativeExtensions.air.kinect.frameworks.mssdk.data:MSUserFrame" type="e" /> 
        <dep id="com.as3nui.nativeExtensions.air.kinect.data:SkeletonBone" type="e" /> 
        <dep id="flash.geom:Point" type="e" /> 
        <dep id="flash.net:registerClassAlias" type="e" /> 
        <dep id="com.as3nui.nativeExtensions.air.kinect.data:User" type="e" /> 
        <dep id="com.as3nui.nativeExtensions.air.kinect.frameworks.openni.data:OpenNISkeletonBone" type="e" /> 
        <dep id="com.as3nui.nativeExtensions.air.kinect.frameworks.mssdk.data:MSSkeletonBone" type="e" /> 
        <dep id="com.as3nui.nativeExtensions.air.kinect.frameworks.openni.data:OpenNIUserFrame" type="e" /> 
        <dep id="com.as3nui.nativeExtensions.air.kinect.frameworks.openni.data:OpenNISkeletonJoint" type="e" /> 
        <dep id="flash.geom:Matrix3D" type="e" /> 
        <dep id="com.as3nui.nativeExtensions.air.kinect.frameworks.mssdk.data:MSSkeletonJoint" type="e" /> 
        <dep id="com.as3nui.nativeExtensions.air.kinect.data:Quaternion" type="e" /> 
        <dep id="com.as3nui.nativeExtensions.air.kinect.data:UserFrame" type="e" /> 
        <dep id="com.as3nui.nativeExtensions.air.kinect.frameworks.mssdk.data:MSUser" type="e" /> 
        <dep id="AS3" type="n" /> 
        <dep id="Object" type="i" /> 
      </script>
      <script name="com/as3nui/nativeExtensions/air/kinect/events/CameraImageEvent" mod="1334844933000" signatureChecksum="698973704" >
        <def id="com.as3nui.nativeExtensions.air.kinect.events:CameraImageEvent" /> 
        <dep id="flash.display:BitmapData" type="s" /> 
        <dep id="AS3" type="n" /> 
        <dep id="flash.events:Event" type="i" /> 
      </script>
      <script name="com/as3nui/nativeExtensions/air/kinect/events/PointCloudEvent" mod="1334844933000" signatureChecksum="3750864480" >
        <def id="com.as3nui.nativeExtensions.air.kinect.events:PointCloudEvent" /> 
        <dep id="flash.utils:ByteArray" type="s" /> 
        <dep id="__AS3__.vec:Vector" type="s" /> 
        <dep id="com.as3nui.nativeExtensions.air.kinect.data:PointCloudRegion" type="s" /> 
        <dep id="AS3" type="n" /> 
        <dep id="flash.events:Event" type="i" /> 
      </script>
      <script name="com/as3nui/nativeExtensions/air/kinect/data/PointCloudRegion" mod="1342720185000" signatureChecksum="884910381" >
        <def id="com.as3nui.nativeExtensions.air.kinect.data:PointCloudRegion" /> 
        <dep id="AS3" type="n" /> 
        <dep id="Object" type="i" /> 
      </script>
      <script name="com/as3nui/nativeExtensions/air/kinect/frameworks/mssdk/MSKinect" mod="1334844933000" signatureChecksum="3388634917" >
        <def id="com.as3nui.nativeExtensions.air.kinect.frameworks.mssdk:MSKinect" /> 
        <dep id="com.as3nui.nativeExtensions.air.kinect.frameworks.mssdk:MSKinectSettings" type="e" /> 
        <dep id="com.as3nui.nativeExtensions.air.kinect:KinectSettings" type="s" /> 
        <dep id="com.as3nui.nativeExtensions.air.kinect.frameworks.mssdk:MSKinectSettings" type="s" /> 
        <dep id="AS3" type="n" /> 
        <dep id="com.as3nui.nativeExtensions.air.kinect:Kinect" type="i" /> 
      </script>
      <script name="com/as3nui/nativeExtensions/air/kinect/constants/OS" mod="1334844933000" signatureChecksum="3290588956" >
        <def id="com.as3nui.nativeExtensions.air.kinect.constants:OS" /> 
        <dep id="flash.system:Capabilities" type="e" /> 
        <dep id="AS3" type="n" /> 
        <dep id="Object" type="i" /> 
      </script>
      <script name="com/as3nui/nativeExtensions/air/kinect/frameworks/openni/OpenNIKinect" mod="1341818735000" signatureChecksum="2973600191" >
        <def id="com.as3nui.nativeExtensions.air.kinect.frameworks.openni:OpenNIKinect" /> 
        <dep id="com.as3nui.nativeExtensions.air.kinect.frameworks.openni:OpenNIKinectSettings" type="e" /> 
        <dep id="flash.utils:ByteArray" type="e" /> 
        <dep id="flash.display:BitmapData" type="e" /> 
        <dep id="flash.utils:Endian" type="e" /> 
        <dep id="com.as3nui.nativeExtensions.air.kinect.bridge:ExtensionContextBridge" type="e" /> 
        <dep id="com.as3nui.nativeExtensions.air.kinect.frameworks.openni.events:OpenNICameraImageEvent" type="e" /> 
        <dep id="com.as3nui.nativeExtensions.air.kinect:KinectSettings" type="s" /> 
        <dep id="com.as3nui.nativeExtensions.air.kinect.frameworks.openni:OpenNIKinectSettings" type="s" /> 
        <dep id="flash.utils:ByteArray" type="s" /> 
        <dep id="flash.display:BitmapData" type="s" /> 
        <dep id="flash.events:StatusEvent" type="s" /> 
        <dep id="AS3" type="n" /> 
        <dep id="com.as3nui.nativeExtensions.air.kinect:Kinect" type="i" /> 
      </script>
      <script name="com/as3nui/nativeExtensions/air/kinect/frameworks/openni/data/OpenNIUser" mod="1342720249000" signatureChecksum="3903603139" >
        <def id="com.as3nui.nativeExtensions.air.kinect.frameworks.openni.data:OpenNIUser" /> 
        <dep id="AS3" type="n" /> 
        <dep id="com.as3nui.nativeExtensions.air.kinect.data:User" type="i" /> 
      </script>
      <script name="com/as3nui/nativeExtensions/air/kinect/frameworks/mssdk/data/MSUser" mod="1342720236000" signatureChecksum="2694463050" >
        <def id="com.as3nui.nativeExtensions.air.kinect.frameworks.mssdk.data:MSUser" /> 
        <dep id="AS3" type="n" /> 
        <dep id="com.as3nui.nativeExtensions.air.kinect.data:User" type="i" /> 
      </script>
      <script name="com/as3nui/nativeExtensions/air/kinect/events/UserFrameEvent" mod="1334844933000" signatureChecksum="1070690141" >
        <def id="com.as3nui.nativeExtensions.air.kinect.events:UserFrameEvent" /> 
        <dep id="com.as3nui.nativeExtensions.air.kinect.data:UserFrame" type="s" /> 
        <dep id="AS3" type="n" /> 
        <dep id="flash.events:Event" type="i" /> 
      </script>
      <script name="com/as3nui/nativeExtensions/air/kinect/data/Quaternion" mod="1342720203000" signatureChecksum="782781566" >
        <def id="com.as3nui.nativeExtensions.air.kinect.data:Quaternion" /> 
        <dep id="AS3" type="n" /> 
        <dep id="Object" type="i" /> 
      </script>
      <digests>
        <digest type="SHA-256" signed="false" value="a24c6d2b04c9ff3f8903b7c825de0c35ecb730fa85d4e7eb9d741fa5407b590b"   />
      </digests>
    </library>
  </libraries>
  <files>
  </files>
</swc>
