<extension xmlns="http://ns.adobe.com/air/extension/3.1">
	<id>com.as3nui.nativeExtensions.air.kinect</id>
	<versionNumber>2.2.0</versionNumber>
	<platforms>
		<platform name="Windows-x86">
			<applicationDeployment>
				<nativeLibrary>KinectExtensionRelease-MSSDK.dll</nativeLibrary>
				<initializer>AIRKinectInitializer</initializer>
				<finalizer>AIRKinectFinalizer</finalizer>
			</applicationDeployment>
		</platform>
		<platform name="MacOS-x86">
			<applicationDeployment>
				<nativeLibrary>KinectExtension.framework</nativeLibrary>
				<initializer>AIRKinectInitializer</initializer>
				<finalizer>AIRKinectFinalizer</finalizer>
			</applicationDeployment>
		</platform>
	</platforms>
</extension>